game,ep,ytid,seconds,screenshot,wiki_line
Air Combat,2,8jXUNGY1IjY,168,,
Rayman,2,8jXUNGY1IjY,9377,,
Ridge Racer,1,JCrKZxZEkJY,410,,
Battle Arena Toshinden,3,LCw6WOil1os,122,,
Zero Divide,2,8jXUNGY1IjY,3724,,
NBA Jam: Tournament Edition,1,JCrKZxZEkJY,9389,,
Kileak: The DNA Imperative,1,JCrKZxZEkJY,6205,,
The Raiden Project,3,LCw6WOil1os,3382,"Raiden Project, The (USA).png",
Total Eclipse Turbo,3,LCw6WOil1os,5850,,
Street Fighter: The Movie,1,JCrKZxZEkJY,3685,,
ESPN Extreme Games,3,LCw6WOil1os,7872,,
Power Serve 3D Tennis,2,8jXUNGY1IjY,7224,,
